date,Open,High,Low,Close,Volume,Dividends,Stock Splits
2023-01-03 00:00:00-05:00,238.23924481140818,240.85607195731004,232.6723500003931,234.80894470214844,25740000,0.0,0.0
2023-01-04 00:00:00-05:00,227.65433977112923,228.23258683276063,221.46020498304858,224.5376739501953,50623400,0.0,0.0
2023-01-05 00:00:00-05:00,222.67547694258565,223.01851293325473,217.34380812885354,217.8828582763672,39585600,0.0,0.0
2023-01-06 00:00:00-05:00,218.55911012079767,221.26414125690687,214.98180331379334,220.45066833496094,43613600,0.0,0.0
2023-01-09 00:00:00-05:00,221.9404207414047,226.63503997806498,221.9012238905733,222.59707641601562,27369800,0.0,0.0
2023-01-10 00:00:00-05:00,223.2243130221081,226.70362023833323,222.80288335065225,224.29261779785156,27033900,0.0,0.0
2023-01-11 00:00:00-05:00,226.68404899775695,231.2512526344681,226.5076407236404,231.07484436035156,28669300,0.0,0.0
2023-01-12 00:00:00-05:00,230.57497512258234,235.1225725416833,228.9088322882637,233.76025390625,27269500,0.0,0.0
2023-01-13 00:00:00-05:00,232.28033992727597,234.60313854097345,230.2417596219311,234.46592712402344,21333300,0.0,0.0
2023-01-17 00:00:00-05:00,233.2310201495425,236.11247480825548,232.36853985579916,235.56362915039062,29831300,0.0,0.0
2023-01-18 00:00:00-05:00,236.75934831263203,237.5532154662232,230.82982587029858,231.11404418945312,30028700,0.0,0.0
2023-01-19 00:00:00-05:00,229.12445928470314,230.82981397653035,226.08618729413027,227.31129455566406,28623000,0.0,0.0
2023-01-20 00:00:00-05:00,230.18295763742017,235.9458670784951,229.8399216164332,235.43621826171875,35389800,0.0,0.0
2023-01-23 00:00:00-05:00,236.2986837989115,240.28762508379944,234.87754747647304,237.74920654296875,31934000,0.0,0.0
2023-01-24 00:00:00-05:00,237.6707861951959,239.09190749280148,235.65181201246943,237.21994018554688,40234400,0.0,0.0
2023-01-25 00:00:00-05:00,229.8105349055551,238.45489961888816,226.3018256307838,235.81846618652344,66526600,0.0,0.0
2023-01-26 00:00:00-05:00,238.7978700868853,243.3650729474837,237.1807346959268,243.06124877929688,33454500,0.0,0.0
2023-01-27 00:00:00-05:00,244.03155156466582,244.85481998958946,241.9145627963581,243.21807861328125,26498900,0.0,0.0
2023-01-30 00:00:00-05:00,239.64075980634883,240.7090646327135,237.37676413120786,237.87661743164062,25867400,0.0,0.0
2023-01-31 00:00:00-05:00,238.60187133523615,243.01225718230123,238.11182846334003,242.8750457763672,26541100,0.0,0.0
2023-02-01 00:00:00-05:00,243.0612674641444,250.09827601317127,240.58165169810152,247.7166748046875,31259900,0.0,0.0
2023-02-02 00:00:00-05:00,253.66582404083547,259.4189231304734,252.12708209516663,259.3307189941406,39940400,0.0,0.0
2023-02-03 00:00:00-05:00,254.3714588308541,258.93866192348526,251.9800472560027,253.2051544189453,29077300,0.0,0.0
2023-02-06 00:00:00-05:00,252.31328684712523,253.1561462653794,249.7062550702165,251.6566162109375,22518000,0.0,0.0
2023-02-07 00:00:00-05:00,255.34177832539393,263.41767657007773,254.90072770646373,262.2317810058594,50841400,0.0,0.0
2023-02-08 00:00:00-05:00,267.75939845000244,271.2485008005916,260.90857975282876,261.4182434082031,54686000,0.0,0.0
2023-02-09 00:00:00-05:00,268.3474748100803,268.5239129821001,257.5665312216428,258.3702087402344,42375100,0.0,0.0
2023-02-10 00:00:00-05:00,256.32182338936,258.8308405007959,255.46915357779656,257.8605651855469,25818500,0.0,0.0
2023-02-13 00:00:00-05:00,262.31016177286494,269.1315501475347,261.82989942164016,265.9168701171875,44630900,0.0,0.0
2023-02-14 00:00:00-05:00,267.23998181637864,269.49416696950243,263.9174769262478,266.74993896484375,37047900,0.0,0.0
2023-02-15 00:00:00-05:00,263.63528781822424,266.00321414410365,261.53263664657936,264.6178283691406,28922400,0.68,0.0
2023-02-16 00:00:00-05:00,259.41034406969123,262.08285555326694,257.3273629104609,257.572998046875,29603600,0.0,0.0
2023-02-17 00:00:00-05:00,254.86122390687038,255.54898434486645,251.53039683731646,253.55442810058594,30000100,0.0,0.0
2023-02-21 00:00:00-05:00,250.03692573640924,251.02930132977812,247.1973840242919,248.25852966308594,28397400,0.0,0.0
2023-02-22 00:00:00-05:00,249.65373089452532,249.89936603806962,245.96920374136064,247.1187744140625,22491100,0.0,0.0
2023-02-23 00:00:00-05:00,251.09808466765125,252.3557354930105,246.10677639534023,250.32188415527344,29219100,0.0,0.0
2023-02-24 00:00:00-05:00,245.5958445657205,246.61768014977395,243.76831852746525,244.86875915527344,24990900,0.0,0.0
2023-02-27 00:00:00-05:00,248.05222016040298,248.40593539561652,245.03581315561252,245.79237365722656,21190000,0.0,0.0
2023-02-28 00:00:00-05:00,244.72139688160397,247.09914335825746,244.38732168006,245.06527709960938,22491000,0.0,0.0
2023-03-01 00:00:00-05:00,246.38188908047658,246.54891919262562,241.49866082910683,241.9702911376953,27565300,0.0,0.0
2023-03-02 00:00:00-05:00,242.24540131691637,247.01071449485826,241.32181070309053,246.7257843017578,24808200,0.0,0.0
2023-03-03 00:00:00-05:00,247.78694226466217,251.15704967928696,247.00090670386106,250.8328094482422,30760100,0.0,0.0
2023-03-06 00:00:00-05:00,251.9528878516763,255.57846519382255,251.5107475643761,252.3852081298828,24109800,0.0,0.0
2023-03-07 00:00:00-05:00,251.8251332062513,253.19087897555727,248.96595157458177,249.71267700195312,21473200,0.0,0.0
2023-03-08 00:00:00-05:00,249.60461380322926,250.0958841157782,246.4310117820294,249.2705535888672,17340200,0.0,0.0
2023-03-09 00:00:00-05:00,251.3535343083889,255.02822642305847,247.18755691928234,247.91464233398438,26653400,0.0,0.0
2023-03-10 00:00:00-05:00,246.69631809078805,248.37645427390922,243.27708068958228,244.24978637695312,28333900,0.0,0.0
2023-03-13 00:00:00-04:00,243.08054062729633,253.4070520212103,241.43969960963778,249.48670959472656,33339700,0.0,0.0
2023-03-14 00:00:00-04:00,252.2673132455693,256.51189607276245,251.39285266205692,256.2367858886719,33620300,0.0,0.0
2023-03-15 00:00:00-04:00,255.44093925824916,261.8274537401873,254.68436373706405,260.80560302734375,46028000,0.0,0.0
2023-03-16 00:00:00-04:00,260.5796041680503,271.73144683254515,258.68330786057317,271.37774658203125,54768800,0.0,0.0
2023-03-17 00:00:00-04:00,273.40180517070377,278.38326410286106,271.4956736717407,274.5513610839844,69527400,0.0,0.0
2023-03-20 00:00:00-04:00,272.1441188484615,272.6353891713259,265.13859924685386,267.47705078125,43466600,0.0,0.0
2023-03-21 00:00:00-04:00,270.08077016032206,270.19867023704575,264.814336850172,268.9999694824219,34558700,0.0,0.0
2023-03-22 00:00:00-04:00,268.6265552227389,276.13317871461095,267.4278546645775,267.53594970703125,34873300,0.0,0.0
2023-03-23 00:00:00-04:00,273.0873355091436,276.15285736950943,270.39518387262524,272.8122253417969,36610900,0.0,0.0
2023-03-24 00:00:00-04:00,272.39954031928613,275.7303672722425,270.47376918164593,275.6714172363281,28172000,0.0,0.0
2023-03-27 00:00:00-04:00,275.6026587216582,276.5458893718172,270.7095953765777,271.5545959472656,26840200,0.0,0.0
2023-03-28 00:00:00-04:00,270.9749030001552,271.31879823570057,267.30018046098104,270.4246826171875,21878600,0.0,0.0
2023-03-29 00:00:00-04:00,274.0895014430885,276.2314626149595,273.5491161384135,275.6124572753906,25087000,0.0,0.0
2023-03-30 00:00:00-04:00,279.26754783515247,279.4935130009522,276.56556096936856,279.0906677246094,25053400,0.0,0.0
2023-03-31 00:00:00-04:00,278.7762010584402,284.21945333563605,278.0589357653117,283.2663879394531,32766000,0.0,0.0
2023-04-03 00:00:00-04:00,281.5174626225363,283.236908310376,278.992356600807,282.215087890625,24883300,0.0,0.0
2023-04-04 00:00:00-04:00,282.2151606481745,285.3789427288405,280.68239963863556,282.166015625,25824300,0.0,0.0
2023-04-05 00:00:00-04:00,280.8592256779027,282.1365164147506,277.98038902724386,279.3755798339844,22064800,0.0,0.0
2023-04-06 00:00:00-04:00,278.2653199230616,286.9804504038719,277.10592919060144,286.50885009765625,29770300,0.0,0.0
2023-04-10 00:00:00-04:00,284.1605527684974,284.54375798741194,279.7391201581484,284.3374328613281,23103000,0.0,0.0
2023-04-11 00:00:00-04:00,280.76099975689954,280.98699490817353,276.72277194835743,277.8919677734375,27276600,0.0,0.0
2023-04-12 00:00:00-04:00,279.81775661090296,281.9989980260232,277.0371498147004,278.5404357910156,27403400,0.0,0.0
2023-04-13 00:00:00-04:00,278.6386627592207,284.83849104810594,278.22601253185434,284.779541015625,24222700,0.0,0.0
2023-04-14 00:00:00-04:00,281.98919673096964,283.44336784312185,278.73698923017065,281.14422607421875,20987900,0.0,0.0
2023-04-17 00:00:00-04:00,284.8679660158174,286.50882187894223,281.1637990466979,283.7576904296875,23836200,0.0,0.0
2023-04-18 00:00:00-04:00,286.47934673739593,286.6660318350577,281.99896436302697,283.335205078125,20161800,0.0,0.0
2023-04-19 00:00:00-04:00,280.99677740499226,284.00334925083666,279.5721115217609,283.4138488769531,17150300,0.0,0.0
2023-04-20 00:00:00-04:00,280.269714510074,283.98371688946736,280.10266940979704,281.11468505859375,23244400,0.0,0.0
2023-04-21 00:00:00-04:00,280.03390753424685,281.27188830738805,278.11794135985355,280.77081298828125,21676400,0.0,0.0
2023-04-24 00:00:00-04:00,277.1648535144223,279.9749350122071,273.85369673777154,276.8504333496094,26611000,0.0,0.0
2023-04-25 00:00:00-04:00,274.6299462973571,276.6834526548498,270.56221361928937,270.6113586425781,45772200,0.0,0.0
2023-04-26 00:00:00-04:00,291.5198084868981,294.3396952159119,287.6191210991788,290.2130126953125,64599200,0.0,0.0
2023-04-27 00:00:00-04:00,290.80254754565533,299.8714082329825,290.09511710218845,299.5078430175781,46462600,0.0,0.0
2023-04-28 00:00:00-04:00,298.70215950112447,303.53624217197233,298.0143691284371,301.8954162597656,36469600,0.0,0.0
2023-05-01 00:00:00-04:00,301.6105141326076,303.2120602406596,299.822282896331,300.2251281738281,21294100,0.0,0.0
2023-05-02 00:00:00-04:00,302.3867046786464,303.7818955393081,298.60391737135024,300.0777282714844,26404400,0.0,0.0
2023-05-03 00:00:00-04:00,301.26659903403873,303.2218452657529,298.78077247368105,299.0853576660156,22360800,0.0,0.0
2023-05-04 00:00:00-04:00,300.8932237762644,302.3867046786464,298.1028120701816,300.0777282714844,22519900,0.0,0.0
2023-05-05 00:00:00-04:00,300.38233895103525,306.52321822274723,298.95764296609326,305.22625732421875,28197100,0.0,0.0
2023-05-08 00:00:00-04:00,304.71530974445443,304.7840947802389,300.7458374723301,303.2611389160156,21318600,0.0,0.0
2023-05-09 00:00:00-04:00,302.62249417879684,304.62688532818095,300.9619982242948,301.63995361328125,21340800,0.0,0.0
2023-05-10 00:00:00-04:00,303.23169187465317,307.53522473722796,302.29829624410297,306.8572692871094,30078000,0.0,0.0
2023-05-11 00:00:00-04:00,304.68584317708854,305.6880237851026,300.9128909069213,304.6956481933594,31680200,0.0,0.0
2023-05-12 00:00:00-04:00,305.12799310648273,305.2262531704453,301.24697545043415,303.5755920410156,19774700,0.0,0.0
2023-05-15 00:00:00-04:00,303.7033066112777,304.48932710036144,302.2196607045156,304.0570068359375,16336500,0.0,0.0
2023-05-16 00:00:00-04:00,304.4205544655897,308.23281696097433,304.4205544655897,306.2972106933594,26730300,0.0,0.0
2023-05-17 00:00:00-04:00,307.50839072780883,309.6156085646195,305.9821054697701,309.19219970703125,24315000,0.68,0.0
2023-05-18 00:00:00-04:00,309.71404716104996,314.1550015459057,308.91645194585186,313.6429443359375,27276000,0.0,0.0
2023-05-19 00:00:00-04:00,311.8902211734482,313.8694546447181,311.5258912419883,313.4657287597656,27546700,0.0,0.0
2023-05-22 00:00:00-04:00,313.72178477500375,317.65068255774975,313.1408221240689,316.26226806640625,24115700,0.0,0.0
2023-05-23 00:00:00-04:00,315.12987593584427,317.7786905434151,310.4230658616671,310.43292236328125,30797200,0.0,0.0
2023-05-24 00:00:00-04:00,309.91105592821606,311.6539439435322,307.82349084026635,309.0445251464844,23384900,0.0,0.0
2023-05-25 00:00:00-04:00,318.29069949526894,321.89466299286516,315.10031838769214,320.9296875,43301700,0.0,0.0
2023-05-26 00:00:00-04:00,319.0587565244424,328.29513945011763,318.92091576078735,327.79296875,36630600,0.0,0.0
2023-05-30 00:00:00-04:00,330.0971080159677,330.59927867316253,325.4592039473821,326.1386413574219,29503100,0.0,0.0
2023-05-31 00:00:00-04:00,327.2021566585661,330.79626374577583,322.3180799641337,323.36187744140625,45950600,0.0,0.0
2023-06-01 00:00:00-04:00,320.9394987276046,328.4231369444022,319.7480341193022,327.4876708984375,26773900,0.0,0.0
2023-06-02 00:00:00-04:00,329.1321101568125,332.3323475779333,327.4581277933345,330.2644958496094,25873800,0.0,0.0
2023-06-05 00:00:00-04:00,330.0873181624058,333.3761745248897,329.535894942966,330.7962951660156,21307100,0.0,0.0
2023-06-06 00:00:00-04:00,330.19559188251617,330.2349878378433,327.08400256878656,328.57086181640625,20396200,0.0,0.0
2023-06-07 00:00:00-04:00,326.57195237701546,329.368464259654,317.5620581330694,318.4285888671875,40717100,0.0,0.0
2023-06-08 00:00:00-04:00,318.97998914840355,321.6386600689706,318.3990265502694,320.27978515625,23277700,0.0,0.0
2023-06-09 00:00:00-04:00,320.0138891984146,324.9373314399376,319.44278312053285,321.7863464355469,22529000,0.0,0.0
2023-06-12 00:00:00-04:00,323.5489094811682,327.01503196954405,320.1812918956647,326.76885986328125,24260300,0.0,0.0
2023-06-13 00:00:00-04:00,329.34877603115035,331.8203538740593,325.3312600240495,329.1715393066406,22951300,0.0,0.0
2023-06-14 00:00:00-04:00,329.2207392790675,333.8487871057347,327.71416712277926,332.1748046875,26003800,0.0,0.0
2023-06-15 00:00:00-04:00,332.3127228558807,344.48345964894935,332.03701124714706,342.7701110839844,38899100,0.0,0.0
2023-06-16 00:00:00-04:00,345.9407483756996,346.088445630965,336.7142225430132,337.08837890625,46552000,0.0,0.0
2023-06-20 00:00:00-04:00,334.1146796290697,336.84225617717664,330.7174920084204,332.87396240234375,26375400,0.0,0.0
2023-06-21 00:00:00-04:00,331.2197008440699,332.55889297136713,326.98555186795784,328.4527282714844,25117800,0.0,0.0
2023-06-22 00:00:00-04:00,329.0041094190213,334.9122402862619,328.23605360829237,334.5085144042969,23556800,0.0,0.0
2023-06-23 00:00:00-04:00,329.24045228657593,332.7853371103675,328.3444121418227,329.8903503417969,23146900,0.0,0.0
2023-06-26 00:00:00-04:00,328.61023414140016,330.96362393512885,323.460302676421,323.5686340332031,21520600,0.0,0.0
2023-06-27 00:00:00-04:00,326.7786773945669,331.0029990368277,324.25787749926053,329.44720458984375,24354100,0.0,0.0
2023-06-28 00:00:00-04:00,329.53582946293454,332.80500222166694,328.6988382978553,330.7076110839844,20259500,0.0,0.0
2023-06-29 00:00:00-04:00,329.5850703650796,330.96362821714007,327.527075062663,329.91986083984375,16997000,0.0,0.0
2023-06-30 00:00:00-04:00,332.5785468035808,337.48230643910676,332.0369801390501,335.3258361816406,26832800,0.0,0.0
2023-07-03 00:00:00-04:00,333.9964880500449,335.68029693733763,331.41660903960724,332.8148498535156,12508700,0.0,0.0
2023-07-05 00:00:00-04:00,329.9592676867089,336.41882187846574,329.6047942488933,332.972412109375,18172400,0.0,0.0
2023-07-06 00:00:00-04:00,332.13543251111116,337.73831270755437,330.3630051592924,336.0446472167969,28161200,0.0,0.0
2023-07-07 00:00:00-04:00,334.1244923820167,336.5566740578288,331.84000796378285,332.056640625,21214800,0.0,0.0
2023-07-10 00:00:00-04:00,329.4767516660907,330.0971101793497,322.5740762190043,326.7491455078125,32791400,0.0,0.0
2023-07-11 00:00:00-04:00,325.99094971925894,327.76337687578695,321.9931170915051,327.3793640136719,26698200,0.0,0.0
2023-07-12 00:00:00-04:00,331.4461377080676,336.4188023518634,330.53038466322164,332.0369567871094,29995300,0.0,0.0
2023-07-13 00:00:00-04:00,334.36082027563174,338.47681093963564,333.8290800785116,337.4133605957031,20567200,0.0,0.0
2023-07-14 00:00:00-04:00,342.2678814702268,346.0490818076083,339.0381043039025,339.953857421875,28352700,0.0,0.0
2023-07-17 00:00:00-04:00,340.3870878805487,341.67702731455745,336.96039139033553,340.43634033203125,20363900,0.0,0.0
2023-07-18 00:00:00-04:00,340.534837675606,361.16407540289185,336.93090392473795,353.9856872558594,64738600,0.0,0.0
2023-07-19 00:00:00-04:00,356.21107416498864,356.9101946041354,347.04362639492615,349.6431884765625,39732900,0.0,0.0
2023-07-20 00:00:00-04:00,348.15629286107804,352.488915911332,340.0818357740048,341.5588684082031,33778400,0.0,0.0
2023-07-21 00:00:00-04:00,343.8039764820787,344.93636222302956,334.62667264440915,338.50634765625,69405400,0.0,0.0
2023-07-24 00:00:00-04:00,340.5544955279168,341.60811934772215,337.0686901125497,339.8258056640625,26678100,0.0,0.0
2023-07-25 00:00:00-04:00,341.79518755329605,346.5020271113136,339.78644478620345,345.60595703125,41637700,0.0,0.0
2023-07-26 00:00:00-04:00,336.21205623429853,339.3926110246211,328.00958389884386,332.5982360839844,58383700,0.0,0.0
2023-07-27 00:00:00-04:00,335.2666957123971,336.10365675838614,324.01168518519313,325.6561279296875,39635300,0.0,0.0
2023-07-28 00:00:00-04:00,328.5610081960286,334.80392936037714,328.06866397123474,333.18902587890625,28484900,0.0,0.0
2023-07-31 00:00:00-04:00,331.7612999388239,332.52935585315663,328.255780838449,330.776611328125,25446000,0.0,0.0
2023-08-01 00:00:00-04:00,330.05776916675796,333.3564819361362,328.59059279140047,331.1901550292969,18311900,0.0,0.0
2023-08-02 00:00:00-04:00,328.52161875649267,328.52161875649267,321.3629143538821,322.4854736328125,27761300,0.0,0.0
2023-08-03 00:00:00-04:00,321.0084576833229,324.82905395091615,320.9592352774214,321.6583557128906,18253700,0.0,0.0
2023-08-04 00:00:00-04:00,326.7984288690622,330.00852304114176,322.229459739469,322.7611999511719,23741500,0.0,0.0
2023-08-07 00:00:00-04:00,323.34216307349016,326.0401999902519,322.50517182513227,325.0555114746094,17741500,0.0,0.0
2023-08-08 00:00:00-04:00,321.9537483771396,323.71634923267544,318.05439027271234,321.05767822265625,22327600,0.0,0.0
2023-08-09 00:00:00-04:00,321.4712425475284,322.101427535395,316.134217875359,317.2961730957031,22373300,0.0,0.0
2023-08-10 00:00:00-04:00,321.0281885266093,323.2339115757913,316.2622989824461,317.9855041503906,20113700,0.0,0.0
2023-08-11 00:00:00-04:00,315.356332296055,317.47340645136524,314.32239139441043,316.0948486328125,24355500,0.0,0.0
2023-08-14 00:00:00-04:00,316.4690422541551,319.0981436446772,315.1790727103108,319.0784606933594,18836100,0.0,0.0
2023-08-15 00:00:00-04:00,318.05441366158993,320.1124092027747,315.9865616184338,316.9318542480469,16966300,0.0,0.0
2023-08-16 00:00:00-04:00,316.55684316556676,320.1289875880266,315.57006992613054,316.1621398925781,20698900,0.68,0.0
2023-08-17 00:00:00-04:00,316.3003145091052,317.6127097168365,312.02756935768224,312.688720703125,21257200,0.0,0.0
2023-08-18 00:00:00-04:00,310.33036777073653,314.1689308855228,307.42925146427314,312.2940673828125,24755000,0.0,0.0
2023-08-21 00:00:00-04:00,313.7248527414595,318.5008322758043,312.8466400945614,317.62261962890625,24040000,0.0,0.0
2023-08-22 00:00:00-04:00,321.1947150908699,321.7670303653258,317.2081424532329,318.1949157714844,16084600,0.0,0.0
2023-08-23 00:00:00-04:00,319.5369338888436,324.8457790055064,319.18167984531766,322.67486572265625,21166400,0.0,0.0
2023-08-24 00:00:00-04:00,328.44749892606876,328.57578427329713,315.7279766344483,315.73785400390625,23281400,0.0,0.0
2023-08-25 00:00:00-04:00,317.2180314460419,321.05656413544324,314.5833333396425,318.70806884765625,21684100,0.0,0.0
2023-08-28 00:00:00-04:00,321.3525852347555,321.83609449836024,317.46469615983295,319.41851806640625,14808500,0.0,0.0
2023-08-29 00:00:00-04:00,317.6226246093168,324.62872172355605,317.6226246093168,324.0662536621094,19284600,0.0,0.0
2023-08-30 00:00:00-04:00,324.3227846525076,325.4476905236703,322.1321467834745,324.4411926269531,15222100,0.0,0.0
2023-08-31 00:00:00-04:00,324.8457912046821,326.5331651614873,322.45778650386836,323.4248352050781,26411000,0.0,0.0
2023-09-01 00:00:00-04:00,326.9278705558269,327.5988691949411,322.45778856177515,324.31292724609375,14942000,0.0,0.0
2023-09-05 00:00:00-04:00,324.6484378531068,330.4210680748013,324.31293852188503,329.13824462890625,18553900,0.0,0.0
2023-09-06 00:00:00-04:00,328.9704679193529,330.03616976955755,325.81278150242235,328.4770812988281,17535800,0.0,0.0
2023-09-07 00:00:00-04:00,326.9081387064647,328.67444125152036,324.67802138664604,325.54638671875,18381000,0.0,0.0
2023-09-08 00:00:00-04:00,325.7240188957701,331.7137404938382,325.10234685290214,329.8487243652344,19530100,0.0,0.0
2023-09-11 00:00:00-04:00,332.77946139821074,333.9438769304571,330.9934039017012,333.47021484375,16583300,0.0,0.0
2023-09-12 00:00:00-04:00,331.37819404327416,332.33536528300334,327.0956018294752,327.3817443847656,17565500,0.0,0.0
2023-09-13 00:00:00-04:00,326.9279079195498,332.39464124119496,326.7897752963841,331.6150817871094,16544400,0.0,0.0
2023-09-14 00:00:00-04:00,334.6641532003969,336.3515270839073,332.1182913781519,334.2201232910156,20267000,0.0,0.0
2023-09-15 00:00:00-04:00,332.4636572367329,332.93728912466776,325.2897964234444,325.8522644042969,37679800,0.0,0.0
2023-09-18 00:00:00-04:00,323.4642671224755,326.0298836572718,322.043311199017,324.7076110839844,16834200,0.0,0.0
2023-09-19 00:00:00-04:00,321.8558610357087,325.0332722714447,320.2178137413672,324.30303955078125,16505900,0.0,0.0
2023-09-20 00:00:00-04:00,325.15167108778996,325.23059969956495,316.2707116235492,316.5272521972656,21436500,0.0,0.0
2023-09-21 00:00:00-04:00,315.0372319704766,321.046677345135,310.8335683618871,315.30364990234375,35560400,0.0,0.0
2023-09-22 00:00:00-04:00,317.0700380905197,317.19832345154833,311.96840633060816,312.8170471191406,21447900,0.0,0.0
2023-09-25 00:00:00-04:00,312.4025192483227,313.46825115268246,310.83355349672485,313.3399658203125,17836000,0.0,0.0
2023-09-26 00:00:00-04:00,310.9618559252266,311.7019358551928,305.9194290098136,308.01141357421875,26297600,0.0,0.0
2023-09-27 00:00:00-04:00,308.1692621621633,310.14280858680456,305.5937985326922,308.6528015136719,19410100,0.0,0.0
2023-09-28 00:00:00-04:00,306.87663419975775,311.30726701468535,305.35702492417727,309.4916076660156,19683600,0.0,0.0
2023-09-29 00:00:00-04:00,313.5472160333315,315.24446731366316,310.81386483371,311.57366943359375,24147300,0.0,0.0
2023-10-02 00:00:00-04:00,312.09666228896396,317.6324762351651,311.0112056216763,317.54364013671875,20570000,0.0,0.0
2023-10-03 00:00:00-04:00,316.5864693213822,317.13909008245986,307.09371485170817,309.2449035644531,21033500,0.0,0.0
2023-10-04 00:00:00-04:00,309.87642567835275,315.80694299104033,309.84682368319505,314.7412109375,20720100,0.0,0.0
2023-10-05 00:00:00-04:00,314.86944634365227,315.7476889172443,310.7348643635043,315.1358642578125,16965600,0.0,0.0
2023-10-06 00:00:00-04:00,312.3630341767249,324.83586147061334,312.1163408848103,322.931396484375,25673600,0.0,0.0
2023-10-09 00:00:00-04:00,320.45460260529177,325.9311819206421,318.9053614253998,325.4575500488281,19891200,0.0,0.0
2023-10-10 00:00:00-04:00,326.5824626080448,326.72062531613193,323.3360003351507,324.0464782714844,20557100,0.0,0.0
2023-10-11 00:00:00-04:00,326.82917598535187,328.4178966562557,324.786578142663,328.023193359375,20063200,0.0,0.0
2023-10-12 00:00:00-04:00,326.19762310101714,329.2171466760317,324.3720866629903,326.7798156738281,19313100,0.0,0.0
2023-10-13 00:00:00-04:00,327.9837231000112,329.414526355163,322.0433284012077,323.3952331542969,21072400,0.0,0.0
2023-10-16 00:00:00-04:00,326.6712993129767,331.6940020700412,326.22726938220796,328.24029541015625,22158000,0.0,0.0
2023-10-17 00:00:00-04:00,325.230576696379,329.04938417767374,323.07941833897735,327.66790771484375,18338500,0.0,0.0
2023-10-18 00:00:00-04:00,328.0922386062229,331.15124180050987,323.95765614917667,325.74371337890625,23153600,0.0,0.0
2023-10-19 00:00:00-04:00,327.75675274742485,332.42420139961934,326.5331634650962,326.937744140625,25052100,0.0,0.0
2023-10-20 00:00:00-04:00,327.33243622169937,327.5298029248246,321.1453785484329,322.3492431640625,25027700,0.0,0.0
2023-10-23 00:00:00-04:00,321.16511950696747,328.3291035769389,320.0994175521123,324.9642028808594,24374700,0.0,0.0
2023-10-24 00:00:00-04:00,326.91797719567256,327.450843201344,323.2669341104162,326.1581726074219,31153600,0.0,0.0
2023-10-25 00:00:00-04:00,340.45653303242403,341.62094848109837,333.1544162082352,336.1640930175781,55053800,0.0,0.0
2023-10-26 00:00:00-04:00,336.0357763758335,337.1113556219108,322.61565393783195,323.5531005859375,37828500,0.0,0.0
2023-10-27 00:00:00-04:00,326.0594874860953,332.26629984544655,324.05633893346254,325.44769287109375,29856500,0.0,0.0
2023-10-30 00:00:00-04:00,329.0001007639954,334.9602201307453,327.44098203313024,332.8485107421875,22828100,0.0,0.0
2023-10-31 00:00:00-04:00,334.36817224579886,334.5161822328496,330.2631912926322,333.637939453125,20265300,0.0,0.0
2023-11-01 00:00:00-04:00,335.29571010602456,342.82479524967096,335.15754738848574,341.4926452636719,28158800,0.0,0.0
2023-11-02 00:00:00-04:00,342.64718899676836,344.2161551038278,340.2098574713261,343.7129211425781,24348100,0.0,0.0
2023-11-03 00:00:00-04:00,345.00558172330744,349.70263264932424,342.73598488058093,348.1336364746094,23637700,0.0,0.0
2023-11-06 00:00:00-05:00,348.7749913676927,352.81089004692694,348.6763080272322,351.8142395019531,23828300,0.0,0.0
2023-11-07 00:00:00-05:00,354.6463243893139,357.66584833262294,352.8997464578491,355.7613830566406,25833900,0.0,0.0
2023-11-08 00:00:00-05:00,356.8961425131314,359.0571783438661,355.7810839202766,358.39605712890625,26767800,0.0,0.0
2023-11-09 00:00:00-05:00,357.507940986345,359.96502688763604,355.5935984478297,355.91925048828125,24847300,0.0,0.0
2023-11-10 00:00:00-05:00,356.7086588455069,365.20479233824454,356.2942309369423,364.7804870605469,28042100,0.0,0.0
2023-11-13 00:00:00-05:00,363.3496563645731,363.59634968321416,361.0603351402409,361.83001708984375,19986500,0.0,0.0
2023-11-14 00:00:00-05:00,366.1027607739128,367.03033005742196,362.4911669897253,365.3725280761719,27683900,0.0,0.0
2023-11-15 00:00:00-05:00,367.11275840931216,368.9420000758944,362.98954914112466,365.5208435058594,26860100,0.75,0.0
2023-11-16 00:00:00-05:00,366.79639155264005,372.12590947641365,366.02514736390873,371.94793701171875,27182300,0.0,0.0
2023-11-17 00:00:00-05:00,369.41663021620167,370.1681097203814,362.88083457344084,365.6988525390625,40157000,0.0,0.0
2023-11-20 00:00:00-05:00,367.053455411311,374.6175863426899,366.83592346802067,373.2036437988281,52465100,0.0,0.0
2023-11-21 00:00:00-05:00,371.4535142101286,371.9973289708727,366.954565050594,368.8826904296875,28423100,0.0,0.0
2023-11-22 00:00:00-05:00,373.7573802099264,375.5272979461787,370.76138971842033,373.60906982421875,23345300,0.0,0.0
2023-11-24 00:00:00-05:00,373.0948724585258,373.72770364641934,370.92948056102307,373.1937561035156,10176600,0.0,0.0
2023-11-27 00:00:00-05:00,372.55102679717527,376.36771791708816,371.977549983846,374.3604736328125,22179200,0.0,0.0
2023-11-28 00:00:00-05:00,374.1034504184605,378.70125333384794,373.91558054196696,378.4046325683594,20453100,0.0,0.0
2023-11-29 00:00:00-05:00,379.45276464211935,379.9866820647469,373.20369180829834,374.5978698730469,28963400,0.0,0.0
2023-11-30 00:00:00-05:00,374.24183579364643,375.8238835014073,371.2557429993473,374.6571350097656,30554400,0.0,0.0
2023-12-01 00:00:00-05:00,372.53129531051445,373.91557582374776,367.1424534634021,370.3065490722656,33040500,0.0,0.0
2023-12-04 00:00:00-05:00,364.9572666786292,365.3725357450279,358.82684275276864,364.996826171875,32063300,0.0,0.0
2023-12-05 00:00:00-05:00,362.3370491278429,368.8926099608851,361.516347987056,368.3388977050781,23065000,0.0,0.0
2023-12-06 00:00:00-05:00,369.3474023420888,369.98020330280474,363.8992368249849,364.66058349609375,21182100,0.0,0.0
2023-12-07 00:00:00-05:00,364.0970571720749,367.2809176222543,362.2084910807366,366.7865295410156,23118900,0.0,0.0
2023-12-08 00:00:00-05:00,365.0561509893791,370.2570927962262,364.0970369580223,370.0296936035156,20154400,0.0,0.0
2023-12-11 00:00:00-05:00,364.34421229449237,367.42918876388495,361.9909204511594,367.1325378417969,27708800,0.0,0.0
2023-12-12 00:00:00-05:00,366.6876003030071,370.2175380062211,366.3019631635577,370.177978515625,24838300,0.0,0.0
2023-12-13 00:00:00-05:00,371.7995959454895,373.40143865073276,366.60852117355006,370.1681213378906,30955500,0.0,0.0
2023-12-14 00:00:00-05:00,369.1200181959737,369.5649795287377,360.0430604780347,361.8228454589844,43277500,0.0,0.0
2023-12-15 00:00:00-05:00,362.73254387781907,368.22023954945644,362.1689342190952,366.5690002441406,78502300,0.0,0.0
2023-12-18 00:00:00-05:00,365.30334181505793,368.813484896194,364.5419649068583,368.4674072265625,21802900,0.0,0.0
2023-12-19 00:00:00-05:00,367.3204340997758,369.0705871582031,365.68895952374146,369.0705871582031,20603700,0.0,0.0
2023-12-20 00:00:00-05:00,370.79101848445333,371.809456608222,366.3711883371166,366.4601745605469,26316700,0.0,0.0
2023-12-21 00:00:00-05:00,368.3784311602655,370.20767302873213,365.88672618527943,369.3474426269531,17708000,0.0,0.0
2023-12-22 00:00:00-05:00,369.48587042516914,370.96903467399375,368.52675633726045,370.3757629394531,17107500,0.0,0.0
2023-12-26 00:00:00-05:00,370.79107530680284,372.7093035503944,369.30791100557565,370.45489501953125,12673100,0.0,0.0
2023-12-27 00:00:00-05:00,369.49572023830234,370.85033858302916,368.62559249642084,369.8714599609375,14905400,0.0,0.0
2023-12-28 00:00:00-05:00,371.1568878412429,372.23465019250256,369.9604771834302,371.0679016113281,14327000,0.0,0.0
2023-12-29 00:00:00-05:00,371.77980696276984,372.92679083929943,369.2881020982719,371.8193664550781,18730800,0.0,0.0
2024-01-02 00:00:00-05:00,369.6638284252025,371.68094017367383,362.65340930447013,366.7073974609375,25258600,0.0,0.0
2024-01-03 00:00:00-05:00,364.86827930524817,369.0705777416299,364.3738912539091,366.4404296875,23083500,0.0,0.0
2024-01-04 00:00:00-05:00,366.5096417702584,368.91236039556355,363.0489255004596,363.8102722167969,20901500,0.0,0.0
2024-01-05 00:00:00-05:00,364.82871403903994,367.8840285269613,362.3864358970699,363.6224060058594,21004600,0.0,0.0
2024-01-08 00:00:00-05:00,365.1550098059731,370.988813066157,364.86828645661416,370.4845275878906,23134000,0.0,0.0
2024-01-09 00:00:00-05:00,367.83460167151895,371.76991118457596,367.0237980384077,371.5721740722656,20830000,0.0,0.0
2024-01-10 00:00:00-05:00,372.14568493728495,379.8581572234937,372.096258198453,378.4738464355469,25514200,0.0,0.0
2024-01-11 00:00:00-05:00,381.66754557205917,386.2950101261023,376.1106291407019,380.31292724609375,27850800,0.0,0.0
2024-01-12 00:00:00-05:00,381.1632995596287,384.3174978189153,380.33273123391484,384.10986328125,21661200,0.0,0.0
2024-01-16 00:00:00-05:00,389.24164477659747,389.6074871447162,383.26942804485134,385.8896789550781,27202300,0.0,0.0
2024-01-17 00:00:00-05:00,383.6253964652766,385.73146439966996,380.4909626708054,385.0986633300781,22234100,0.0,0.0
2024-01-18 00:00:00-05:00,387.3233562733369,389.56786704822485,385.74130855522117,389.44921875,23392100,0.0,0.0
2024-01-19 00:00:00-05:00,391.31803151810533,394.19537353515625,389.0833879187689,394.19537353515625,29331100,0.0,0.0
2024-01-22 00:00:00-05:00,395.5301842429018,396.12345590728927,389.1723614900859,392.0596008300781,27016900,0.0,0.0
2024-01-23 00:00:00-05:00,391.30815176623645,394.89741393072353,389.5085719753557,394.42279052734375,20525900,0.0,0.0
2024-01-24 00:00:00-05:00,397.03311585654615,401.0772059977977,395.95535365827067,398.0416564941406,24867000,0.0,0.0
2024-01-25 00:00:00-05:00,399.7819298848838,402.44173980756733,398.0120123501686,400.32574462890625,21021200,0.0,0.0
2024-01-26 00:00:00-05:00,399.83136514404845,401.611180132996,397.91313719960004,399.39630126953125,17803300,0.0,0.0
2024-01-29 00:00:00-05:00,401.50244405119065,405.3784598651388,399.7918504359062,405.1213684082031,24510200,0.0,0.0
2024-01-30 00:00:00-05:00,407.6328499314226,408.4139613345208,401.8880631298829,404.0040283203125,33477600,0.0,0.0
2024-01-31 00:00:00-05:00,402.39234000988097,410.6585244475091,392.7517723927337,393.11761474609375,47871100,0.0,0.0
2024-02-01 00:00:00-05:00,397.3198908735355,403.4206527472509,397.2902287972473,399.2480163574219,30657700,0.0,0.0
2024-02-02 00:00:00-05:00,399.27762800166585,408.0184040861515,399.03043400546983,406.6044616699219,28256700,0.0,0.0
2024-02-05 00:00:00-05:00,405.2993446059863,406.5452122317709,399.4556738410708,401.0970458984375,25352300,0.0,0.0
2024-02-06 00:00:00-05:00,401.3244494199643,403.3909878537456,398.38778318773774,400.9388122558594,18382600,0.0,0.0
2024-02-07 00:00:00-05:00,402.8669448083425,409.6499345085534,402.82738531452173,409.4027404785156,22340500,0.0,0.0
2024-02-08 00:00:00-05:00,409.40274249689327,410.895804101699,407.89981364987307,409.4620666503906,21225300,0.0,0.0
2024-02-09 00:00:00-05:00,410.58924160459986,416.0967312686168,410.4310338206638,415.8297424316406,22032800,0.0,0.0
2024-02-12 00:00:00-05:00,415.83968350613833,416.0176559661079,410.0948966506066,410.59918212890625,21202900,0.0,0.0
2024-02-13 00:00:00-05:00,400.39500560681336,405.4674319451174,398.86241468639423,401.759521484375,27824900,0.0,0.0
2024-02-14 00:00:00-05:00,404.23602806912544,405.989387335356,400.7689119546156,405.6426696777344,20401200,0.75,0.0
2024-02-15 00:00:00-05:00,404.3053454189091,405.28603422496775,400.4915119507852,402.74017333984375,21825500,0.0,0.0
2024-02-16 00:00:00-05:00,404.1270543842311,404.45397083978673,399.6495323619633,400.2637023925781,22296500,0.0,0.0
2024-02-20 00:00:00-05:00,399.4513996951192,400.68965547755954,394.27055684913546,399.0056457519531,24307900,0.0,0.0
2024-02-21 00:00:00-05:00,396.4102420513832,398.5103188921078,393.4879464924858,398.4013366699219,18518900,0.0,0.0
2024-02-22 00:00:00-05:00,406.3361048933316,408.95128532759105,404.7313302719457,407.7823791503906,27009900,0.0,0.0
2024-02-23 00:00:00-05:00,411.7645886082764,411.9527756521701,405.12752632093805,406.4846496582031,16295900,0.0,0.0
2024-02-26 00:00:00-05:00,407.5941515550284,408.28758685257475,403.53266673551263,403.71099853515625,16193500,0.0,0.0
2024-02-27 00:00:00-05:00,404.1567686089776,404.4836850623454,400.055681208624,403.6515808105469,14835800,0.0,0.0
2024-02-28 00:00:00-05:00,404.3450129520486,405.45448536199376,401.5118980645711,403.88934326171875,13183100,0.0,0.0
2024-02-29 00:00:00-05:00,404.80069987993255,410.3084593316979,402.1062540147567,409.75372314453125,31947300,0.0,0.0
2024-03-01 00:00:00-05:00,407.4059232676718,411.96271025359846,407.01960321238755,411.59619140625,17823400,0.0,0.0
2024-03-04 00:00:00-05:00,409.55556181237966,413.42882936527116,408.4460895147351,411.02166748046875,17596000,0.0,0.0
2024-03-05 00:00:00-05:00,410.0706791695835,410.35796297341943,396.8758486343361,398.866943359375,26919200,0.0,0.0
2024-03-06 00:00:00-05:00,399.1839316978577,401.35335816221044,394.6469759902315,398.31219482421875,22344100,0.0,0.0
2024-03-07 00:00:00-05:00,402.3043446808418,405.92996122894976,398.46079390642615,405.2959899902344,18718500,0.0,0.0
2024-03-08 00:00:00-05:00,404.1270235900873,406.563932548316,400.5311242381038,402.40338134765625,18002200,0.0,0.0
2024-03-11 00:00:00-04:00,399.96649095522434,401.8684347057086,397.4899796534525,400.7193298339844,16120800,0.0,0.0
2024-03-12 00:00:00-04:00,403.7902307329295,411.66554917132913,402.9680422398846,411.3782653808594,22457000,0.0,0.0
2024-03-13 00:00:00-04:00,414.1717955341408,414.25103060175684,407.5842808912539,411.1999816894531,17115900,0.0,0.0
2024-03-14 00:00:00-04:00,416.29166230285614,423.80046200765156,414.06280198030794,421.2248840332031,34157300,0.0,0.0
2024-03-15 00:00:00-04:00,415.35059863846544,418.62949734684355,408.91166893317825,412.507568359375,45079900,0.0,0.0
2024-03-18 00:00:00-04:00,410.3579455831781,416.77707411837673,409.8923602232522,413.39910888671875,20106000,0.0,0.0
2024-03-19 00:00:00-04:00,413.9043324931919,417.7082809972417,411.6457550737683,417.4507141113281,19837900,0.0,0.0
2024-03-20 00:00:00-04:00,418.0351385254577,421.95792425172124,416.7077319976527,421.23480224609375,17860100,0.0,0.0
2024-03-21 00:00:00-04:00,425.7915460992778,426.77226517382667,423.1466488448073,425.33587646484375,21296200,0.0,0.0
2024-03-22 00:00:00-04:00,425.6628247277611,425.8212948665726,422.0669250575301,424.7118225097656,17648500,0.0,0.0
2024-03-25 00:00:00-04:00,421.2446982721868,423.39432359578046,417.64879867030754,418.8870544433594,18060500,0.0,0.0
2024-03-26 00:00:00-04:00,421.6112012034168,421.9876357811286,417.3912462453885,417.68841552734375,16725600,0.0,0.0
2024-03-27 00:00:00-04:00,420.4522190231072,420.4621347429845,415.073243298201,417.4704895019531,16705000,0.0,0.0
2024-03-28 00:00:00-04:00,417.00488629896955,417.9063400745122,415.1821775398297,416.76715087890625,21871200,0.0,0.0
2024-04-01 00:00:00-04:00,419.9668236498753,423.8698081123032,418.253066843913,420.58099365234375,16316000,0.0,0.0
2024-04-02 00:00:00-04:00,416.1629170804003,418.41160904891876,413.9142553427375,417.4804382324219,17912000,0.0,0.0
2024-04-03 00:00:00-04:00,415.78645833952515,419.2832911891412,415.1524569171968,416.49969482421875,16502300,0.0,0.0
2024-04-04 00:00:00-04:00,420.9970416568271,424.6424895808556,413.64677241260966,413.953857421875,19370900,0.0,0.0
2024-04-05 00:00:00-04:00,416.0638232237435,422.50275274464576,414.3896991298408,421.52203369140625,16554800,0.0,0.0
2024-04-08 00:00:00-04:00,421.1753365931948,423.2654976172203,419.3228807489771,420.60076904296875,14272400,0.0,0.0
2024-04-09 00:00:00-04:00,422.43343322697575,423.72120713043927,417.65871174097106,422.2749328613281,12496900,0.0,0.0
2024-04-10 00:00:00-04:00,418.2233709862432,420.0460798769914,415.7567751324305,419.2833251953125,16216600,0.0,0.0
2024-04-11 00:00:00-04:00,421.8192626102262,425.33589688609106,418.39174889077384,423.909423828125,17966400,0.0,0.0
2024-04-12 00:00:00-04:00,420.0658901447868,421.1852782373019,415.82610344793704,417.93609619140625,19253800,0.0,0.0
2024-04-15 00:00:00-04:00,422.5919509817317,422.80988521460824,409.54567440120263,409.75372314453125,20273500,0.0,0.0
2024-04-16 00:00:00-04:00,410.67492896476267,414.46893102886065,409.8428247838056,410.684814453125,16765600,0.0,0.0
2024-04-17 00:00:00-04:00,413.32978630581465,414.9444767069898,406.4747888910302,407.9706115722656,15855500,0.0,0.0
2024-04-18 00:00:00-04:00,406.7719711724091,408.02014264055606,400.15473970896494,400.4717102050781,21029900,0.0,0.0
2024-04-19 00:00:00-04:00,400.23398957432255,401.67037838778936,394.03279488372993,395.3701171875,30565800,0.0,0.0
2024-04-22 00:00:00-04:00,396.3210731778114,399.06506725448133,392.0317685818269,397.19281005859375,20286900,0.0,0.0
2024-04-23 00:00:00-04:00,400.4420226888204,404.36483895374073,399.2731164319855,403.7407531738281,15734500,0.0,0.0
2024-04-24 00:00:00-04:00,405.71206871988204,408.5947320971029,402.9581887938379,405.2167663574219,15065300,0.0,0.0
2024-04-25 00:00:00-04:00,390.327954514582,396.13291356518926,384.3843265310709,395.2908935546875,40586500,0.0,0.0
2024-04-26 00:00:00-04:00,408.2975149317784,409.1197034555493,401.94773576133974,402.5024719238281,29694700,0.0,0.0
2024-04-29 00:00:00-04:00,401.4425169456961,402.50247113048255,395.4394554463583,398.470703125,19582100,0.0,0.0
2024-04-30 00:00:00-04:00,397.71784459298715,398.3815629989462,385.51361848485345,385.6720886230469,28781400,0.0,0.0
2024-05-01 00:00:00-04:00,388.92124454675456,397.9456678723463,386.6428661349504,391.2293701171875,23562500,0.0,0.0
2024-05-02 00:00:00-04:00,393.92381025223517,396.1724717048869,390.94208087323796,394.10211181640625,17709400,0.0,0.0
2024-05-03 00:00:00-04:00,398.50041099944804,403.32465048849417,398.0843437724287,402.8392639160156,17446700,0.0,0.0
2024-05-06 00:00:00-04:00,404.91957397962835,410.040983186617,402.5520143110461,409.6546630859375,16996600,0.0,0.0
2024-05-07 00:00:00-04:00,410.76410326855756,410.77401898833904,405.2464284421319,405.49407958984375,20018200,0.0,0.0
2024-05-08 00:00:00-04:00,404.33510268855184,408.356955043612,402.88879817126514,406.6828308105469,11792300,0.0,0.0
2024-05-09 00:00:00-04:00,406.7125782525158,408.84237230777376,405.256388136723,408.4461364746094,14689700,0.0,0.0
2024-05-10 00:00:00-04:00,409.06027703547176,411.47735474348696,407.9309732500374,410.8433532714844,13402300,0.0,0.0
2024-05-13 00:00:00-04:00,414.0826182503801,414.41942017019113,406.9601691065583,409.8329162597656,15440200,0.0,0.0
2024-05-14 00:00:00-04:00,408.1489171745,413.56752582141957,407.68333177957805,412.6462707519531,15109300,0.0,0.0
2024-05-15 00:00:00-04:00,414.7203513205961,420.58538800605515,414.095139906024,419.8609313964844,22239500,0.75,0.0
2024-05-16 00:00:00-04:00,418.59066930665216,422.18315151911617,417.151719986036,417.7868347167969,17530100,0.0,0.0
2024-05-17 00:00:00-04:00,419.32504512881616,419.7021586835379,414.84935049574557,417.01275634765625,15352200,0.0,0.0
2024-05-20 00:00:00-04:00,417.01278697375295,423.52287221703216,416.79445965158396,422.103759765625,16272100,0.0,0.0
2024-05-21 00:00:00-04:00,423.58239750259565,429.6756950854867,421.6174819616407,425.7756042480469,21453300,0.0,0.0
2024-05-22 00:00:00-04:00,426.8176027078419,429.1199579656232,423.8801327186548,427.24432373046875,18073700,0.0,0.0
2024-05-23 00:00:00-04:00,429.6756760944335,430.30088747906075,422.1831336543051,423.7510986328125,17211700,0.0,0.0
2024-05-24 00:00:00-04:00,423.9396813142882,427.7802311569624,421.180834455013,426.8870849609375,11855300,0.0,0.0
2024-05-28 00:00:00-04:00,426.3610849730244,427.5420330592199,423.35414050377034,427.04583740234375,15718000,0.0,0.0
2024-05-29 00:00:00-04:00,422.4510693064345,427.6611238088633,422.4510693064345,425.90460205078125,15517100,0.0,0.0
2024-05-30 00:00:00-04:00,421.07165731955763,421.07165731955763,411.08820229599854,411.51495361328125,28394500,0.0,0.0
2024-05-31 00:00:00-04:00,413.5791353622515,413.5791353622515,401.43227374743395,411.9714660644531,47995300,0.0,0.0
2024-06-03 00:00:00-04:00,412.36840418309373,413.2615504010757,405.80871145548105,410.3736877441406,17484700,0.0,0.0
2024-06-04 00:00:00-04:00,409.2919776436919,413.27147684716857,406.56290129495756,412.904296875,14348900,0.0,0.0
2024-06-05 00:00:00-04:00,414.63100583183575,420.85328836811885,413.1324852803997,420.7838439941406,16988000,0.0,0.0
2024-06-06 00:00:00-04:00,420.7838790172518,422.07397569799485,417.3799535645987,421.28997802734375,14861300,0.0,0.0
2024-06-07 00:00:00-04:00,422.9572173477245,423.03659533238357,419.78155282449774,420.6250915527344,13621700,0.0,0.0
2024-06-10 00:00:00-04:00,421.4686381861944,424.8228956664724,420.664803577901,424.614501953125,13982900,0.0,0.0
2024-06-11 00:00:00-04:00,422.24270893937995,429.52685827022987,422.01444801185045,429.3879089355469,14551100,0.0,0.0
2024-06-12 00:00:00-04:00,432.00778522816535,440.0262935554383,429.95352798178106,437.7041015625,22366200,0.0,0.0
2024-06-13 00:00:00-04:00,437.49575798146077,440.01644063600304,436.02700779586485,438.2201843261719,15960600,0.0,0.0
2024-06-14 00:00:00-04:00,434.94529966913103,439.7683376003339,433.39717151476515,439.2026672363281,13582000,0.0,0.0
2024-06-17 00:00:00-04:00,439.22250553797545,447.5089797746042,437.3667384679764,444.9585266113281,20790000,0.0,0.0
2024-06-18 00:00:00-04:00,446.28832386783046,446.7150751827561,441.50502038116036,442.9439697265625,17112500,0.0,0.0
2024-06-20 00:00:00-04:00,442.9042790324355,443.1325399619797,437.912551396736,442.3088684082031,19877400,0.0,0.0
2024-06-21 00:00:00-04:00,443.9760852156284,447.15171963768364,443.11270951249037,446.3578186035156,34187100,0.0,0.0
2024-06-24 00:00:00-04:00,446.37762314479846,449.30518978099155,443.0134321712583,444.26385498046875,15913700,0.0,0.0
2024-06-25 00:00:00-04:00,444.8394216277891,447.98531552571586,443.3508346061679,447.5188903808594,16413400,0.0,0.0
2024-06-26 00:00:00-04:00,445.5837053034348,450.1487114593878,444.7798707523325,448.71966552734375,16507000,0.0,0.0
2024-06-27 00:00:00-04:00,448.7395034299803,452.6991654227889,448.3326193512516,449.4044189453125,14806300,0.0,0.0
2024-06-28 00:00:00-04:00,449.62274649126965,451.9151680373726,443.01341660893064,443.54931640625,28362300,0.0,0.0
2024-07-01 00:00:00-04:00,445.24627786855143,453.88999748693993,442.269104011504,453.2548828125,17662800,0.0,0.0
2024-07-02 00:00:00-04:00,449.75176594132466,456.0931308349297,449.6624240698802,455.7854919433594,13979800,0.0,0.0
2024-07-03 00:00:00-04:00,454.70380374999445,457.5122579984809,454.39616484845857,457.26416015625,9932800,0.0,0.0
2024-07-05 00:00:00-04:00,456.1129790053472,464.78650009669735,455.4778642825478,464.00250244140625,16000300,0.0,0.0
2024-07-08 00:00:00-04:00,463.00017429743497,464.14144858333964,460.9260800009118,462.6925354003906,12962300,0.0,0.0
2024-07-09 00:00:00-04:00,463.4467798855468,463.7742557192127,454.51525736098597,456.0435485839844,17207200,0.0,0.0
2024-07-10 00:00:00-04:00,457.71075666628917,462.91087784219644,455.36869724486377,462.7024841308594,18196100,0.0,0.0
2024-07-11 00:00:00-04:00,459.457386639418,461.2436790661222,448.1143297880847,451.2403869628906,23111200,0.0,0.0
2024-07-12 00:00:00-04:00,450.87318519796065,452.8877385900335,447.2211920029864,450.09912109375,16324300,0.0,0.0
2024-07-15 00:00:00-04:00,449.85099950163277,453.7808911637112,447.99523247056425,450.5059814453125,14429400,0.0,0.0
2024-07-16 00:00:00-04:00,450.764044396858,450.84342238707205,443.26156747821994,446.09979248046875,17175700,0.0,0.0
2024-07-17 00:00:00-04:00,439.22249954002416,441.46531376189114,435.8384412822571,440.1454162597656,21778000,0.0,0.0
2024-07-18 00:00:00-04:00,440.95917357547034,441.2668124744543,431.0948010273652,437.0193786621094,20794800,0.0,0.0
2024-07-19 00:00:00-04:00,429.80471086507333,437.7835460054657,428.7130742947466,433.7841796875,20940400,0.0,0.0
2024-07-22 00:00:00-04:00,438.4286106688719,441.2172281155517,435.5705185548157,439.5698547363281,15808800,0.0,0.0
2024-07-23 00:00:00-04:00,440.5225176097392,444.9783753997072,439.7286166377608,441.4653015136719,13107100,0.0,0.0
2024-07-24 00:00:00-04:00,437.0987963490377,438.12095826115956,424.3366274271562,425.63665771484375,26805800,0.0,0.0
2024-07-25 00:00:00-04:00,425.5374171635106,426.52980855641556,414.3333401430881,415.216552734375,29943800,0.0,0.0
2024-07-26 00:00:00-04:00,415.0180872010169,425.6565240052853,414.0951402007918,422.0342712402344,23583800,0.0,0.0
2024-07-29 00:00:00-04:00,428.29625878283395,428.86192913835873,421.4686315229256,423.4831848144531,15125800,0.0,0.0
2024-07-30 00:00:00-04:00,424.46567636518483,425.7855436810508,414.1844850940296,419.70220947265625,32687600,0.0,0.0
2024-07-31 00:00:00-04:00,417.30059719182844,418.57085701348217,409.07366373993483,415.1669616699219,42891400,0.0,0.0
2024-08-01 00:00:00-04:00,417.58836350695543,424.20759683358074,409.94693801865395,413.93634033203125,30296400,0.0,0.0
2024-08-02 00:00:00-04:00,409.35152365396425,411.84243578824686,401.2635397070065,405.3819580078125,29437900,0.0,0.0
2024-08-05 00:00:00-04:00,386.2089818321841,397.98866312927163,382.64626998707365,392.1434631347656,40709200,0.0,0.0
2024-08-06 00:00:00-04:00,396.9565662320286,402.5834388839359,395.4679791086585,396.56951904296875,24946500,0.0,0.0
2024-08-07 00:00:00-04:00,405.5308678419717,406.9598837068045,394.4458417143844,395.3985290527344,20650900,0.0,0.0
2024-08-08 00:00:00-04:00,399.3779702821044,402.77193167950935,396.8969919508049,399.6260681152344,20203000,0.0,0.0
2024-08-09 00:00:00-04:00,400.9559063701233,404.9453089972664,399.1993844500031,402.9307556152344,19276700,0.0,0.0
2024-08-12 00:00:00-04:00,403.9627889802462,405.64986625772775,401.16423832317224,403.7146911621094,16762900,0.0,0.0
2024-08-13 00:00:00-04:00,406.47360190831984,411.7928357179709,406.45376498247094,410.8599853515625,19414300,0.0,0.0
2024-08-14 00:00:00-04:00,411.64393908583247,414.54173528870035,409.3118435327495,413.6882629394531,18267000,0.0,0.0
2024-08-15 00:00:00-04:00,417.35676799168647,418.6591414148161,415.22923848625584,418.5796203613281,20752100,0.75,0.0
2024-08-16 00:00:00-04:00,418.15215435686315,418.8878379189571,414.87134183677813,416.0345458984375,22775600,0.0,0.0
2024-08-19 00:00:00-04:00,416.52167114516885,419.2954420190991,414.03622098500824,419.07672119140625,15234000,0.0,0.0
2024-08-20 00:00:00-04:00,419.2457333961214,423.3814956474892,419.18608502114756,422.3276672363281,16387600,0.0,0.0
2024-08-21 00:00:00-04:00,421.6118911043651,423.9183962597862,419.2656405890008,421.67156982421875,16067300,0.0,0.0
2024-08-22 00:00:00-04:00,421.8902550651885,424.30613578026436,412.1969990352219,413.13153076171875,19361900,0.0,0.0
2024-08-23 00:00:00-04:00,414.5532154876874,416.8199448280934,409.69166039420327,414.36431884765625,18493800,0.0,0.0
2024-08-26 00:00:00-04:00,413.94673947074824,414.85144695028356,408.9460150702165,411.08349609375,13152800,0.0,0.0
2024-08-27 00:00:00-04:00,410.4571501735566,411.9484202096587,407.8623548739229,411.43145751953125,13492900,0.0,0.0
2024-08-28 00:00:00-04:00,412.46544730687265,412.58474406521935,404.939496621488,408.2103576660156,14882700,0.0,0.0
2024-08-29 00:00:00-04:00,412.52505209065583,419.59365733541364,408.2103145266043,410.71563720703125,17045200,0.0,0.0
2024-08-30 00:00:00-04:00,413.18123450252676,415.0602190186727,409.7314285183125,414.7122802734375,24308300,0.0,0.0
2024-09-03 00:00:00-04:00,415.47780496274754,417.43634095322227,404.66112073149435,407.0570983886719,20313600,0.0,0.0
2024-09-04 00:00:00-04:00,403.5476443909062,408.8466109265116,402.01659855552833,406.5202331542969,15135800,0.0,0.0
2024-09-05 00:00:00-04:00,405.2476455783769,410.69576288507244,403.7663270914325,406.01318359375,14195500,0.0,0.0
2024-09-06 00:00:00-04:00,406.6792718819864,408.2600144548305,398.4673353023376,399.36212158203125,19609500,0.0,0.0
2024-09-09 00:00:00-04:00,404.8699075277366,406.2717051556254,399.80953429314275,403.3587646484375,15295100,0.0,0.0
2024-09-10 00:00:00-04:00,405.82434783346355,413.9070069368657,405.32725776034073,411.7894287109375,19594300,0.0,0.0
2024-09-11 00:00:00-04:00,413.08181573237965,421.52239474938517,407.19625641616165,420.57794189453125,19266900,0.0,0.0
2024-09-12 00:00:00-04:00,420.84636566939764,424.8827343519594,417.30708702498356,424.514892578125,17395700,0.0,0.0
2024-09-13 00:00:00-04:00,423.35167762504557,429.3167579290349,422.98383586069434,428.083984375,15874600,0.0,0.0
2024-09-16 00:00:00-04:00,428.09393683099876,431.0068771042965,425.72778345078893,428.8296203613281,13834700,0.0,0.0
2024-09-17 00:00:00-04:00,437.6679140298658,439.27848092894993,429.75421863095636,432.6174621582031,18874200,0.0,0.0
2024-09-18 00:00:00-04:00,432.46832068384987,433.49232491922675,427.90503790639565,428.3027038574219,18898000,0.0,0.0
2024-09-19 00:00:00-04:00,438.66206659768085,438.93048428402824,434.3572500672092,436.1368408203125,21706600,0.0,0.0
2024-09-20 00:00:00-04:00,434.6754186759471,436.6836515284863,431.6928784161533,432.73675537109375,55167100,0.0,0.0
2024-09-23 00:00:00-04:00,431.75253779309,433.9198431554934,427.88519293448667,430.9870300292969,15128900,0.0,0.0
2024-09-24 00:00:00-04:00,430.47996802683457,430.82793711748263,423.62013164821116,426.6722717285156,17015800,0.0,0.0
2024-09-25 00:00:00-04:00,427.3283940093525,430.5992548420044,426.07574778788546,429.5951232910156,13396400,0.0,0.0
2024-09-26 00:00:00-04:00,432.5578041483432,432.766573468399,426.6324994108163,428.7998046875,14492000,0.0,0.0
2024-09-27 00:00:00-04:00,429.0085915782672,429.33668800604624,424.98217425530135,425.5289611816406,14896100,0.0,0.0
2024-09-30 00:00:00-04:00,425.7178520466358,427.9150119120048,422.8943842039572,427.7956848144531,16807300,0.0,0.0
2024-10-01 00:00:00-04:00,425.95648564338745,425.9863098334652,416.37257469880086,418.24163818359375,19092900,0.0,0.0
2024-10-02 00:00:00-04:00,420.12062555956777,420.3592494217051,414.2847930567838,414.7023620605469,16582300,0.0,0.0
2024-10-03 00:00:00-04:00,415.19943635003835,417.1082451347957,411.8788784861643,414.11578369140625,13686400,0.0,0.0
2024-10-04 00:00:00-04:00,415.80585503539044,417.30707662196244,412.55489718933603,413.6385498046875,19169700,0.0,0.0
2024-10-07 00:00:00-04:00,413.57888857865095,414.6824138383572,406.61962843429865,407.156494140625,20919800,0.0,0.0
2024-10-08 00:00:00-04:00,408.50859351504334,413.24090045920747,405.79450128292336,412.2964172363281,19229300,0.0,0.0
2024-10-09 00:00:00-04:00,413.4397317591671,417.9334453367463,411.8888131930908,415.0304260253906,14974300,0.0,0.0
2024-10-10 00:00:00-04:00,412.81339505205864,414.9210519137125,410.74548354781774,413.4198303222656,13848400,0.0,0.0
2024-10-11 00:00:00-04:00,413.7180885691892,414.70231708134946,410.84489374484957,413.89703369140625,14144900,0.0,0.0
2024-10-14 00:00:00-04:00,415.3386008817118,421.5721293976272,415.09005586184196,416.7006530761719,16653100,0.0,0.0
2024-10-15 00:00:00-04:00,419.7229298265709,420.02120204810905,412.84322081195853,416.3029479980469,18900200,0.0,0.0
2024-10-16 00:00:00-04:00,412.7537283462629,413.93677464609624,408.0910216693982,413.69818115234375,15508900,0.0,0.0
2024-10-17 00:00:00-04:00,419.9018679111856,420.0410676802283,413.17127995027164,414.2947082519531,14820000,0.0,0.0
2024-10-18 00:00:00-04:00,414.7122961104646,417.2076674979936,413.8374127793913,415.7263488769531,17145300,0.0,0.0
2024-10-21 00:00:00-04:00,413.6982202013397,416.5216880571269,411.3420182082338,416.3427429199219,14206100,0.0,0.0
2024-10-22 00:00:00-04:00,416.0543883901565,428.07402123533683,415.6070255834921,425.02191162109375,25482200,0.0,0.0
2024-10-23 00:00:00-04:00,428.35242251551375,428.5711433507003,420.0709156477079,422.1288757324219,19654400,0.0,0.0
2024-10-24 00:00:00-04:00,422.85460145374896,423.5008427798279,419.94166109145596,422.25811767578125,13581600,0.0,0.0
2024-10-25 00:00:00-04:00,424.2763085648032,430.0027653012564,424.0874119188817,425.658203125,16899100,0.0,0.0
2024-10-28 00:00:00-04:00,429.1478003666399,429.4261695906152,423.81897907057987,424.1072998046875,14882400,0.0,0.0
2024-10-29 00:00:00-04:00,425.5090727531412,430.64899709836675,423.32186444879665,429.43609619140625,17644100,0.0,0.0
2024-10-30 00:00:00-04:00,434.8941538571239,435.9479823564893,429.5852356603292,430.0127258300781,29749100,0.0,0.0
2024-10-31 00:00:00-04:00,412.9426186903331,413.7379809491165,403.93534969689097,403.9850769042969,53971000,0.0,0.0
2024-11-01 00:00:00-04:00,406.6296190582037,413.0818383039077,405.12839737386855,407.981689453125,24230400,0.0,0.0
2024-11-04 00:00:00-05:00,407.414991879503,408.03140902561756,403.2096294840388,406.0827941894531,19672300,0.0,0.0
2024-11-05 00:00:00-05:00,405.99332524640585,412.4853201284023,405.7050045203228,409.0653381347656,17626000,0.0,0.0
2024-11-06 00:00:00-05:00,410.0197716507701,418.0030366685823,408.13080518207255,417.7345886230469,26681800,0.0,0.0
2024-11-07 00:00:00-05:00,418.8281688837221,424.3657590257446,417.43632288625736,422.9540100097656,19901800,0.0,0.0
2024-11-08 00:00:00-05:00,422.84469107033385,424.01781631688647,419.3252849907069,420.08087158203125,16891400,0.0,0.0
2024-11-11 00:00:00-05:00,420.060971682132,422.3376526429211,413.5789282483213,415.5772399902344,24503300,0.0,0.0
2024-11-12 00:00:00-05:00,415.81581365023004,421.969790701444,414.77193671429194,420.5679931640625,19401200,0.0,0.0
2024-11-13 00:00:00-05:00,419.1860937392156,426.8313104637277,415.7760330857976,422.7253723144531,21502200,0.0,0.0
2024-11-14 00:00:00-05:00,422.526533184943,425.6780973820496,417.5556327945319,424.4055480957031,30246900,0.0,0.0
2024-11-15 00:00:00-05:00,417.3767027455775,420.3393400677491,411.23267692258383,412.5847473144531,28247600,0.0,0.0
2024-11-18 00:00:00-05:00,412.4554971706168,415.9649517435253,409.7016291897124,413.34033203125,24727000,0.0,0.0
2024-11-19 00:00:00-05:00,410.7057043157201,415.5076109291685,409.154785870871,415.3584899902344,18133500,0.0,0.0
2024-11-20 00:00:00-05:00,414.4438422518667,414.86141123218795,408.19044109637775,413.0718688964844,19191700,0.0,0.0
2024-11-21 00:00:00-05:00,417.8933391524707,418.1722655525636,408.7186214344056,411.2887268066406,20780200,0.83,0.0
2024-11-22 00:00:00-05:00,409.79445106089474,415.80135498920845,409.48564079067086,415.40289306640625,24814600,0.0,0.0
2024-11-25 00:00:00-05:00,416.7776323033626,419.46727321033643,413.2611532266888,417.1860656738281,27691100,0.0,0.0
2024-11-26 00:00:00-05:00,417.98300734363517,427.396826920373,417.24585120009374,426.350830078125,23458900,0.0,0.0
2024-11-27 00:00:00-05:00,423.48184026594765,425.59374633298364,420.4036784238945,421.3699645996094,18332400,0.0,0.0
2024-11-29 00:00:00-05:00,418.4811073183322,423.25277076525435,416.1998692026867,421.83819580078125,16271900,0.0,0.0
2024-12-02 00:00:00-05:00,419.95541246483856,431.3416287639885,419.6963985253484,429.3293762207031,20207200,0.0,0.0
2024-12-03 00:00:00-05:00,428.19374634076934,430.8136785324232,426.10178307894205,429.5485534667969,18302000,0.0,0.0
2024-12-04 00:00:00-05:00,431.3715193088951,437.98610309109085,430.973057365549,435.7447204589844,26009400,0.0,0.0
2024-12-05 00:00:00-05:00,436.2428234590915,442.9570002031869,434.4995257845279,440.9248046875,21697800,0.0,0.0
2024-12-06 00:00:00-05:00,440.605999369761,444.3914637865622,440.0780304611881,441.87115478515625,18821000,0.0,0.0
2024-12-09 00:00:00-05:00,440.904882933204,446.61291802797285,438.8129196876974,444.311767578125,19144400,0.0,0.0
2024-12-10 00:00:00-05:00,442.6880177694449,447.89796761162455,439.9086948512907,441.6320495605469,18469500,0.0,0.0
2024-12-11 00:00:00-05:00,442.34933339299914,448.6252234428676,442.34933339299914,447.2704162597656,19200200,0.0,0.0
2024-12-12 00:00:00-05:00,447.389907127457,454.4129240722559,447.389907127457,447.83819580078125,20834800,0.0,0.0
2024-12-13 00:00:00-05:00,446.722508676707,449.7010474581427,443.8734464678006,445.5569763183594,20177800,0.0,0.0
2024-12-16 00:00:00-05:00,445.55695084461104,450.4481492573408,443.57458224663304,449.86041259765625,23598800,0.0,0.0
2024-12-17 00:00:00-05:00,449.2826833242326,453.5462901057899,447.84819595840975,452.7194519042969,22733500,0.0,0.0
2024-12-18 00:00:00-05:00,449.59148560028365,450.9163784238889,435.34623528561843,435.71484375,24444500,0.0,0.0
2024-12-19 00:00:00-05:00,439.92861811038824,441.4826409757379,434.64892893973837,435.356201171875,22963700,0.0,0.0
2024-12-20 00:00:00-05:00,431.4512325197303,442.04052591747404,426.98840977197597,434.9278869628906,64263700,0.0,0.0
2024-12-23 00:00:00-05:00,435.06732205874545,435.97384050264867,431.1722932989543,433.5830383300781,19152500,0.0,0.0
2024-12-24 00:00:00-05:00,432.98533109593694,437.91638528778583,432.52710135873434,437.64739990234375,7164500,0.0,0.0
2024-12-26 00:00:00-05:00,437.3983540840164,439.2512462781778,434.9577555797017,436.43206787109375,8194200,0.0,0.0
2024-12-27 00:00:00-05:00,432.9355230391817,433.5531436249425,424.71711987555517,428.881103515625,18117700,0.0,0.0
2024-12-30 00:00:00-05:00,424.42821148968693,425.91249514442245,420.2841404099869,423.2029113769531,13158700,0.0,0.0
2024-12-31 00:00:00-05:00,424.4680695178944,425.09566152109494,419.0489019483089,419.88568115234375,13246500,0.0,0.0
2025-01-02 00:00:00-05:00,423.90026204092493,424.43820240788705,413.2611726539346,416.97686767578125,16896500,0.0,0.0
2025-01-03 00:00:00-05:00,419.4672816518615,422.40599553232005,417.93320162542307,421.7286071777344,16662900,0.0,0.0
2025-01-06 00:00:00-05:00,426.3607841744266,432.6565862275622,423.85044657634234,426.21136474609375,20573600,0.0,0.0
2025-01-07 00:00:00-05:00,427.356962317073,429.00063686122985,419.18835553907815,420.7523498535156,18139100,0.0,0.0
2025-01-08 00:00:00-05:00,421.8381668103431,425.3347334633813,419.9255373117582,422.9339599609375,15054600,0.0,0.0
2025-01-10 00:00:00-05:00,423.0036976315441,423.0833778600729,413.4304875422897,417.345458984375,20201100,0.0,0.0
2025-01-13 00:00:00-05:00,413.6496498082875,416.8971739621178,410.71096634455273,415.5921936035156,17604800,0.0,0.0
2025-01-14 00:00:00-05:00,416.2098216251219,418.13242259689986,409.1469793562449,414.0780334472656,16935900,0.0,0.0
2025-01-15 00:00:00-05:00,417.5247525233758,426.51019531397225,416.6680304830878,424.67724609375,19637800,0.0,0.0
2025-01-16 00:00:00-05:00,427.0581034768278,427.8450559110229,422.76461308505725,422.953857421875,15300000,0.0,0.0
2025-01-17 00:00:00-05:00,432.4274589059452,432.81597982276594,426.53014915865293,427.3868408203125,26197500,0.0,0.0
2025-01-21 00:00:00-05:00,428.55238804454143,429.2496888722742,423.9699995165458,426.85888671875,26085700,0.0,0.0
2025-01-22 00:00:00-05:00,435.8841650351672,445.5569677171093,434.33014218783535,444.4910888671875,27803800,0.0,0.0
2025-01-23 00:00:00-05:00,440.30716256200645,445.03897030447143,439.8090775364838,444.9991149902344,18389300,0.0,0.0
2025-01-24 00:00:00-05:00,443.4550766157881,444.9393603072831,439.70946738545626,442.3592834472656,15549500,0.0,0.0
2025-01-27 00:00:00-05:00,422.3860783898249,433.5332238334213,421.8780219291722,432.8956604003906,35647800,0.0,0.0
2025-01-28 00:00:00-05:00,432.93552501884864,446.66274757404807,429.72785612913765,445.4872741699219,23491700,0.0,0.0
2025-01-29 00:00:00-05:00,444.97921209968376,445.16848684550723,438.7132938317083,440.6358947753906,23581400,0.0,0.0
2025-01-30 00:00:00-05:00,417.1661258658952,421.24045777086803,411.57762641112805,413.4006042480469,54586300,0.0,0.0
2025-01-31 00:00:00-05:00,417.3753368711932,419.0787791378778,413.32091748728266,413.4703369140625,34161900,0.0,0.0
2025-02-03 00:00:00-05:00,410.02361028085903,413.819015846871,407.09486781879804,409.3462219238281,25679100,0.0,0.0
2025-02-04 00:00:00-05:00,411.1094311345796,412.3347312724244,408.1707172498281,410.7906494140625,20532100,0.0,0.0
2025-02-05 00:00:00-05:00,410.77072053658367,412.2450327338191,408.828176805576,411.7071228027344,16316700,0.0,0.0
2025-02-06 00:00:00-05:00,412.41441067873023,416.59833715024297,412.41441067873023,414.2274475097656,16309800,0.0,0.0
2025-02-07 00:00:00-05:00,414.8849302333569,417.0466023053385,406.5370200109021,408.1806945800781,22886800,0.0,0.0
2025-02-10 00:00:00-05:00,412.12548842823685,413.86878595463395,409.3461959746536,410.6412048339844,20817900,0.0,0.0
2025-02-11 00:00:00-05:00,408.07110289586285,410.91016314142485,407.73237833536206,409.86419677734375,18140600,0.0,0.0
2025-02-12 00:00:00-05:00,405.6503805324544,409.1768308737253,402.82126135721137,407.473388671875,19121700,0.0,0.0
2025-02-13 00:00:00-05:00,405.4412009596675,409.4258810673793,404.8036375500993,408.9676513671875,23891700,0.0,0.0
2025-02-14 00:00:00-05:00,406.22818963820515,407.3438952203064,404.3255012113121,406.86572265625,22758500,0.0,0.0
2025-02-18 00:00:00-05:00,406.43737251439387,409.0274206742818,404.943117468385,408.07110595703125,21423100,0.0,0.0
2025-02-19 00:00:00-05:00,406.3178313932664,413.8986706302125,406.0887013451084,413.1814270019531,24114200,0.0,0.0
2025-02-20 00:00:00-05:00,414.52900508229465,418.5416276159257,411.78404435480104,415.3674621582031,23508700,0.83,0.0
2025-02-21 00:00:00-05:00,416.57521868274245,417.28390907488637,407.14255413255484,407.4619445800781,27524800,0.0,0.0
2025-02-24 00:00:00-05:00,407.7614192904554,408.6198287275297,398.58825743588903,403.2596740722656,26443700,0.0,0.0
2025-02-25 00:00:00-05:00,400.3649855487621,401.18349019975926,395.9730546936776,397.17083740234375,29387400,0.0,0.0
2025-02-26 00:00:00-05:00,397.28064827533655,402.860400830509,393.5275288045757,398.99749755859375,19619000,0.0,0.0
2025-02-27 00:00:00-05:00,400.53467393026557,404.9964840093174,391.45137377356565,391.8106994628906,21127400,0.0,0.0
2025-02-28 00:00:00-05:00,391.94046026830176,396.9013540385077,385.86162375466716,396.26251220703125,32845700,0.0,0.0
2025-03-03 00:00:00-05:00,398.0891633417286,398.0891633417286,385.4523593369203,387.778076171875,23007700,0.0,0.0
2025-03-04 00:00:00-05:00,382.6974135187692,391.86058386063223,380.30181761040467,387.8978576660156,29342900,0.0,0.0
2025-03-05 00:00:00-05:00,388.62653647287385,400.9339589862258,388.09750890861034,400.2851257324219,23433100,0.0,0.0
2025-03-06 00:00:00-05:00,393.557486671848,401.4130601425524,391.9604125552081,396.1627197265625,23304600,0.0,0.0
2025-03-07 00:00:00-05:00,391.601087821307,394.07652376953155,384.83351327034705,392.5892639160156,22034100,0.0,0.0
2025-03-10 00:00:00-04:00,385.1329632711281,385.69193466137494,376.5287638766263,379.46337890625,32840100,0.0,0.0
2025-03-11 00:00:00-04:00,378.30548307291184,385.29265558349334,376.2193166501511,379.7528381347656,30380200,0.0,0.0
2025-03-12 00:00:00-04:00,382.2482670126177,384.5140963348653,378.2555969008229,382.5676574707031,24253600,0.0,0.0
2025-03-13 00:00:00-04:00,382.4578672121625,384.6139126915579,376.75833925298997,378.0758972167969,20473000,0.0,0.0
2025-03-14 00:00:00-04:00,379.0840519928303,389.51491455417886,378.81455773398244,387.84796142578125,19952800,0.0,0.0
2025-03-17 00:00:00-04:00,385.9913968692823,391.99036302361236,384.8634626840814,387.98773193359375,22474300,0.0,0.0
2025-03-18 00:00:00-04:00,386.36071271152235,386.6601507855219,380.4016513456866,382.81719970703125,19486900,0.0,0.0
2025-03-19 00:00:00-04:00,384.8235322758774,388.9659214939022,383.29633715100766,387.1093444824219,19185500,0.0,0.0
2025-03-20 00:00:00-04:00,385.0331131975468,391.07204471614995,382.5776297310475,386.131103515625,18470500,0.0,0.0
2025-03-21 00:00:00-04:00,382.5177544739553,391.0221306945889,382.09851071654674,390.54302978515625,39675900,0.0,0.0
2025-03-24 00:00:00-04:00,394.67543616141086,394.67543616141086,389.09568331150246,392.35968017578125,21004500,0.0,0.0
2025-03-25 00:00:00-04:00,393.19816458592396,395.63366532055824,391.9205113732519,394.4358825683594,15775000,0.0,0.0
2025-03-26 00:00:00-04:00,394.27618318122023,394.5856126855185,387.85797313035886,389.2554016113281,16108400,0.0,0.0
2025-03-27 00:00:00-04:00,389.4151007040484,391.5212195564284,386.6900923994873,389.8642578125,13766800,0.0,0.0
2025-03-28 00:00:00-04:00,387.36882809704144,388.4169222438939,376.2392666189567,378.1058349609375,21632000,0.0,0.0
2025-03-31 00:00:00-04:00,371.8573344110368,376.3790320336197,366.5670283067677,374.7021179199219,35184700,0.0,0.0
2025-04-01 00:00:00-04:00,373.96346276032,382.1484487727996,372.54608191207893,381.4896545410156,19689500,0.0,0.0
2025-04-02 00:00:00-04:00,377.2773862564683,384.3743428432238,375.92985398533636,381.43975830078125,16092600,0.0,0.0
2025-04-03 00:00:00-04:00,374.10321411915555,376.788287190408,368.67318036225987,372.42626953125,30198000,0.0,0.0
2025-04-04 00:00:00-04:00,363.4627502923482,373.9035742050073,358.8212773354498,359.18060302734375,49209900,0.0,0.0
2025-04-07 00:00:00-04:00,350.2370336524557,370.32015981776436,344.1581969485817,357.2042236328125,50425000,0.0,0.0
2025-04-08 00:00:00-04:00,367.585185716996,372.9652928837084,349.6081786868937,353.9102783203125,35868900,0.0,0.0
2025-04-09 00:00:00-04:00,352.8921435234206,392.50941370351666,352.45294739016697,389.7744140625,50199700,0.0,0.0
2025-04-10 00:00:00-04:00,381.3598744812396,383.19649903483815,367.12599611378243,380.65118408203125,38024400,0.0,0.0
2025-04-11 00:00:00-04:00,379.9425037151649,389.3352333779351,378.19571053548395,387.7381896972656,23839200,0.0,0.0
2025-04-14 00:00:00-04:00,392.4994245329486,393.92679674338564,383.5059256339463,387.0993347167969,19251200,0.0,0.0
2025-04-15 00:00:00-04:00,387.79806728846995,391.17187833074144,383.4560325474498,385.0231628417969,17199900,0.0,0.0
2025-04-16 00:00:00-04:00,379.97244183574617,380.9106912763521,367.32564600100716,370.92901611328125,21967800,0.0,0.0
2025-04-17 00:00:00-04:00,373.0651098854367,373.6340726815441,366.2176953329466,367.1060485839844,21120200,0.0,0.0
2025-04-21 00:00:00-04:00,362.1551460624454,363.8121077971333,355.01825440362086,358.4619140625,20807300,0.0,0.0
2025-04-22 00:00:00-04:00,362.7141283475077,367.09606804173376,359.20055908423666,366.1478271484375,19485000,0.0,0.0
2025-04-23 00:00:00-04:00,375.3708716590499,379.6929540391626,372.33643389707953,373.7039489746094,20545500,0.0,0.0
2025-04-24 00:00:00-04:00,375.01155205300716,387.7381880213899,374.5024768665421,386.59027099609375,22232300,0.0,0.0
2025-04-25 00:00:00-04:00,386.29083932956814,391.44138750936105,383.8952433175299,391.1319580078125,18973200,0.0,0.0
2025-04-28 00:00:00-04:00,391.241728610284,392.0202980494585,385.9315006090283,390.4432067871094,16579400,0.0,0.0
2025-04-29 00:00:00-04:00,390.5829324517716,394.3759872470841,389.66463540586307,393.31793212890625,14974000,0.0,0.0
2025-04-30 00:00:00-04:00,389.58477271143016,395.93313400867555,383.73552563819743,394.53570556640625,36461100,0.0,0.0
2025-05-01 00:00:00-04:00,430.3199808366381,436.1892106723326,424.12136912560175,424.6204528808594,58938100,0.0,0.0
2025-05-02 00:00:00-04:00,430.948839257634,438.63474141621873,429.20204608174254,434.48236083984375,30757400,0.0,0.0
2025-05-05 00:00:00-04:00,432.07675654489867,438.6946118778074,431.3181395047298,435.3707275390625,20136100,0.0,0.0
2025-05-06 00:00:00-04:00,431.408009380462,436.92787448428356,430.3798980651205,432.5159606933594,15104200,0.0,0.0
2025-05-07 00:00:00-04:00,433.04500054847074,437.3171563878889,430.319992206568,432.555908203125,23295300,0.0,0.0
2025-05-08 00:00:00-04:00,437.12748451655574,442.85698666150637,434.86165526525525,437.3670654296875,23491300,0.0,0.0
2025-05-09 00:00:00-04:00,439.19371771814804,439.93235195021686,435.08127232610667,437.9260559082031,15324200,0.0,0.0
2025-05-12 00:00:00-04:00,445.12281367736733,448.5465208630377,438.9740982732109,448.4367370605469,22821900,0.0,0.0
2025-05-13 00:00:00-04:00,446.9594623818115,449.8441812103938,444.54388351816056,448.3169860839844,23618800,0.0,0.0
2025-05-14 00:00:00-04:00,447.3187935842875,453.0682176126866,447.3187935842875,452.1099853515625,19902800,0.0,0.0
2025-05-15 00:00:00-04:00,450.7699890136719,456.19000244140625,450.42999267578125,453.1300048828125,21992300,0.83,0.0
2025-05-16 00:00:00-04:00,452.04998779296875,454.3599853515625,448.7300109863281,454.2699890136719,23849800,0.0,0.0
2025-05-19 00:00:00-04:00,450.8800048828125,459.5899963378906,450.79998779296875,458.8699951171875,21336500,0.0,0.0
2025-05-20 00:00:00-04:00,455.5899963378906,458.3399963378906,454.32000732421875,458.1700134277344,15441800,0.0,0.0
2025-05-21 00:00:00-04:00,454.57000732421875,457.7799987792969,451.80999755859375,452.57000732421875,19216900,0.0,0.0
2025-05-22 00:00:00-04:00,454.95001220703125,460.25,453.8999938964844,454.8599853515625,18025600,0.0,0.0
2025-05-23 00:00:00-04:00,449.9800109863281,453.69000244140625,448.9100036621094,450.17999267578125,16883500,0.0,0.0
2025-05-27 00:00:00-04:00,456.4800109863281,460.95001220703125,456.1199951171875,460.69000244140625,20974300,0.0,0.0
2025-05-28 00:00:00-04:00,461.2200012207031,462.5199890136719,456.92999267578125,457.3599853515625,17086300,0.0,0.0
2025-05-29 00:00:00-04:00,461.54998779296875,461.7200012207031,455.30999755859375,458.67999267578125,13974800,0.0,0.0
2025-05-30 00:00:00-04:00,459.7200012207031,461.67999267578125,455.5400085449219,460.3599853515625,34770500,0.0,0.0
2025-06-02 00:00:00-04:00,457.1400146484375,462.1099853515625,456.8900146484375,461.9700012207031,16626500,0.0,0.0
2025-06-03 00:00:00-04:00,461.4700012207031,464.1400146484375,460.8599853515625,462.9700012207031,15743800,0.0,0.0
2025-06-04 00:00:00-04:00,464.0,465.69000244140625,463.0199890136719,463.8699951171875,14162700,0.0,0.0
2025-06-05 00:00:00-04:00,464.9599914550781,469.6499938964844,464.0299987792969,467.67999267578125,20131700,0.0,0.0
2025-06-06 00:00:00-04:00,470.0899963378906,473.3399963378906,468.7799987792969,470.3800048828125,15285600,0.0,0.0
2025-06-09 00:00:00-04:00,469.70001220703125,473.42999267578125,468.6199951171875,472.75,16469900,0.0,0.0
2025-06-10 00:00:00-04:00,471.19000244140625,472.79998779296875,466.9599914550781,470.9200134277344,15375900,0.0,0.0
2025-06-11 00:00:00-04:00,470.0199890136719,475.4700012207031,469.6600036621094,472.6199951171875,16399200,0.0,0.0
2025-06-12 00:00:00-04:00,475.0199890136719,480.4200134277344,473.5199890136719,478.8699951171875,18950600,0.0,0.0
2025-06-13 00:00:00-04:00,476.4100036621094,479.17999267578125,472.760009765625,474.9599914550781,16814500,0.0,0.0
2025-06-16 00:00:00-04:00,475.2099914550781,480.69000244140625,475.0,479.1400146484375,15626100,0.0,0.0
2025-06-17 00:00:00-04:00,475.3999938964844,478.739990234375,474.0799865722656,478.0400085449219,15414100,0.0,0.0
2025-06-18 00:00:00-04:00,478.0,481.0,474.4599914550781,480.239990234375,17526500,0.0,0.0
2025-06-20 00:00:00-04:00,482.2300109863281,483.4599914550781,476.8699951171875,477.3999938964844,37576200,0.0,0.0
2025-06-23 00:00:00-04:00,478.2099914550781,487.75,472.510009765625,486.0,24864000,0.0,0.0
2025-06-24 00:00:00-04:00,488.95001220703125,491.8500061035156,486.79998779296875,490.1099853515625,22305600,0.0,0.0
2025-06-25 00:00:00-04:00,492.0400085449219,494.55999755859375,489.3900146484375,492.2699890136719,17495100,0.0,0.0
2025-06-26 00:00:00-04:00,492.9800109863281,498.0400085449219,492.80999755859375,497.45001220703125,21578900,0.0,0.0
2025-06-27 00:00:00-04:00,497.54998779296875,499.29998779296875,493.0299987792969,495.94000244140625,34539200,0.0,0.0
2025-06-30 00:00:00-04:00,497.0400085449219,500.760009765625,495.3299865722656,497.4100036621094,28369000,0.0,0.0
2025-07-01 00:00:00-04:00,496.4700012207031,498.04998779296875,490.9800109863281,492.04998779296875,19945400,0.0,0.0
2025-07-02 00:00:00-04:00,489.989990234375,493.5,488.70001220703125,491.0899963378906,16319600,0.0,0.0
2025-07-03 00:00:00-04:00,493.80999755859375,500.1300048828125,493.44000244140625,498.8399963378906,13984800,0.0,0.0
2025-07-07 00:00:00-04:00,497.3800048828125,498.75,495.2300109863281,497.7200012207031,13981600,0.0,0.0
2025-07-08 00:00:00-04:00,497.239990234375,498.20001220703125,494.1099853515625,496.6199951171875,11846600,0.0,0.0
2025-07-09 00:00:00-04:00,500.29998779296875,506.7799987792969,499.739990234375,503.510009765625,18659500,0.0,0.0
2025-07-10 00:00:00-04:00,503.04998779296875,504.44000244140625,497.75,501.4800109863281,16492100,0.0,0.0
2025-07-11 00:00:00-04:00,498.4700012207031,505.0299987792969,497.79998779296875,503.32000732421875,16459500,0.0,0.0
2025-07-14 00:00:00-04:00,501.5199890136719,503.9700012207031,501.0299987792969,503.0199890136719,12058800,0.0,0.0
2025-07-15 00:00:00-04:00,503.0199890136719,508.29998779296875,502.7900085449219,505.82000732421875,14927200,0.0,0.0
2025-07-16 00:00:00-04:00,505.17999267578125,506.7200012207031,501.8900146484375,505.6199951171875,15154400,0.0,0.0
2025-07-17 00:00:00-04:00,505.67999267578125,513.3699951171875,505.6199951171875,511.70001220703125,17503100,0.0,0.0
2025-07-18 00:00:00-04:00,514.47998046875,514.6400146484375,507.42999267578125,510.04998779296875,21209700,0.0,0.0
2025-07-21 00:00:00-04:00,506.7099914550781,512.0900268554688,505.54998779296875,510.05999755859375,14066800,0.0,0.0
2025-07-22 00:00:00-04:00,510.9700012207031,511.20001220703125,505.2699890136719,505.2699890136719,13868600,0.0,0.0
2025-07-23 00:00:00-04:00,506.75,506.7900085449219,500.70001220703125,505.8699951171875,16396600,0.0,0.0
2025-07-24 00:00:00-04:00,508.7699890136719,513.6699829101562,507.29998779296875,510.8800048828125,16107000,0.0,0.0
2025-07-25 00:00:00-04:00,512.469970703125,518.2899780273438,510.3599853515625,513.7100219726562,19125700,0.0,0.0
2025-07-28 00:00:00-04:00,514.0800170898438,515.0,510.1199951171875,512.5,14308000,0.0,0.0
2025-07-29 00:00:00-04:00,515.530029296875,517.6199951171875,511.55999755859375,512.5700073242188,16469200,0.0,0.0
2025-07-30 00:00:00-04:00,515.1699829101562,515.9500122070312,509.44000244140625,513.239990234375,26380400,0.0,0.0
2025-07-31 00:00:00-04:00,555.22998046875,555.4500122070312,531.9000244140625,533.5,51617300,0.0,0.0
2025-08-01 00:00:00-04:00,535.0,535.7999877929688,520.8599853515625,524.1099853515625,28977600,0.0,0.0
2025-08-04 00:00:00-04:00,528.27001953125,538.25,528.1300048828125,535.6400146484375,25349000,0.0,0.0
2025-08-05 00:00:00-04:00,537.1799926757812,537.2999877929688,527.239990234375,527.75,19171600,0.0,0.0
2025-08-06 00:00:00-04:00,530.9000244140625,531.7000122070312,524.030029296875,524.9400024414062,21355700,0.0,0.0
2025-08-07 00:00:00-04:00,526.7999877929688,528.0900268554688,517.5499877929688,520.8400268554688,16079100,0.0,0.0
2025-08-08 00:00:00-04:00,522.5999755859375,524.6599731445312,519.4099731445312,522.0399780273438,15531000,0.0,0.0
2025-08-11 00:00:00-04:00,522.2999877929688,527.5900268554688,519.719970703125,521.77001953125,20194400,0.0,0.0
2025-08-12 00:00:00-04:00,523.75,530.97998046875,522.7000122070312,529.239990234375,18667000,0.0,0.0
2025-08-13 00:00:00-04:00,532.1099853515625,532.7000122070312,519.3699951171875,520.5800170898438,19619200,0.0,0.0
2025-08-14 00:00:00-04:00,522.5599975585938,525.9500122070312,520.1400146484375,522.47998046875,20269100,0.0,0.0
2025-08-15 00:00:00-04:00,522.77001953125,526.0999755859375,519.0800170898438,520.1699829101562,25213300,0.0,0.0
2025-08-18 00:00:00-04:00,521.5900268554688,522.8200073242188,514.02001953125,517.0999755859375,23745000,0.0,0.0
